;;;;;;Launched;Waiting;Execution
tenant2;q62;Timer-89;20:33:47;20:33:47;20:33:48;00:58:28;00:00:01;00:00:01
;q18;Timer-90;20:33:52;20:33:52;20:33:55;00:58:32;00:00:01;00:00:03
;q11;Timer-91;20:33:53;20:33:55;20:34:53;00:58:34;00:00:02;00:00:59
;q58;Timer-92;20:33:56;20:34:36;20:34:38;00:58:37;00:00:40;00:00:03
;q39;Timer-93;20:34:08;20:34:38;20:35:09;00:58:49;00:00:30;00:00:32
;q86;Timer-94;20:34:10;20:34:53;20:34:54;00:58:50;00:00:44;00:00:02
;q53;Timer-95;20:34:13;20:34:54;20:34:56;00:58:53;00:00:42;00:00:02
;q90;Timer-96;20:34:16;20:34:56;20:34:57;00:58:56;00:00:41;00:00:01
;q88;Timer-97;20:34:22;20:34:57;20:35:07;00:59:02;00:00:35;00:00:11
;q31;Timer-98;20:34:28;20:35:07;20:35:29;00:59:08;00:00:40;00:00:22
tenant3;q80;Timer-100;20:28:41;20:28:41;20:28:43;00:53:22;00:00:01;00:00:03
;q37;Timer-101;20:32:02;20:32:02;20:32:03;00:56:43;00:00:01;00:00:02
;q28;Timer-102;20:35:02;20:35:09;20:35:21;00:59:43;00:00:07;00:00:12
;q96;Timer-103;20:35:17;20:35:21;20:35:22;00:59:58;00:00:04;00:00:02
;q89;Timer-104;20:35:20;20:35:22;20:35:24;01:00:01;00:00:02;00:00:03
;q21;Timer-105;20:38:28;20:38:28;20:38:30;01:03:07;00:00:01;00:00:03
;q12;Timer-106;20:38:37;20:38:37;20:38:37;01:03:16;00:00:01;00:00:01
;q3;Timer-107;20:39:16;20:39:16;20:39:17;01:03:55;00:00:01;00:00:01
;q86;Timer-108;20:39:22;20:39:22;20:39:23;01:04:01;00:00:01;00:00:02
;q20;Timer-109;20:42:11;20:42:11;20:42:12;01:06:51;00:00:01;00:00:01
