tenantName;queryName;timerName;launchTime;startTime;finishTime;relativeLaunchTime;waitingTime;executionTime
tenant1;q86;Timer-0;06:58:26.353;06:58:26.489;06:58:29.553;00:00:00.000;00:00:00.136;00:00:03.064
;q52;Timer-1;06:58:54.854;06:58:54.855;06:58:55.580;00:00:28.501;00:00:00.001;00:00:00.725
;q43;Timer-10;07:01:03.356;07:01:03.356;07:01:05.034;00:02:37.003;00:00:00.000;00:00:01.678
;q15;Timer-11;07:01:03.356;07:01:03.356;07:01:04.017;00:02:37.003;00:00:00.000;00:00:00.661
;q3;Timer-12;07:01:05.356;07:01:05.356;07:01:06.069;00:02:39.003;00:00:00.000;00:00:00.713
;q80;Timer-13;07:01:08.356;07:01:08.356;07:01:09.966;00:02:42.003;00:00:00.000;00:00:01.610
;q37;Timer-14;07:01:12.356;07:01:12.356;07:01:17.777;00:02:46.003;00:00:00.000;00:00:05.421
;q12;Timer-15;07:01:16.856;07:01:16.857;07:01:17.213;00:02:50.503;00:00:00.001;00:00:00.356
;q55;Timer-16;07:01:20.356;07:01:20.357;07:01:21.048;00:02:54.003;00:00:00.001;00:00:00.691
;q12;Timer-17;07:01:22.356;07:01:22.357;07:01:22.679;00:02:56.003;00:00:00.001;00:00:00.322
;q53;Timer-18;07:01:22.856;07:01:22.856;07:01:23.797;00:02:56.503;00:00:00.000;00:00:00.941
;q81;Timer-19;07:01:33.857;07:01:33.857;07:01:34.816;00:03:07.504;00:00:00.000;00:00:00.959
;q97;Timer-2;06:59:59.353;06:59:59.354;07:00:14.024;00:01:33.000;00:00:00.001;00:00:14.670
;q28;Timer-20;07:01:38.356;07:01:38.356;07:01:46.123;00:03:12.003;00:00:00.000;00:00:07.767
;q21;Timer-21;07:01:38.857;07:01:38.858;07:01:41.751;00:03:12.504;00:00:00.001;00:00:02.893
;q63;Timer-22;07:01:44.358;07:01:44.358;07:01:45.264;00:03:18.005;00:00:00.000;00:00:00.906
;q12;Timer-23;07:01:44.358;07:01:44.358;07:01:44.692;00:03:18.005;00:00:00.000;00:00:00.334
;q15;Timer-24;07:01:47.858;07:01:47.858;07:01:48.489;00:03:21.505;00:00:00.000;00:00:00.631
;q21;Timer-25;07:01:56.358;07:01:56.358;07:01:59.163;00:03:30.005;00:00:00.000;00:00:02.805
;q28;Timer-3;07:00:08.354;07:00:08.365;07:00:16.108;00:01:42.001;00:00:00.011;00:00:07.743
;q97;Timer-4;07:00:13.354;07:00:13.362;07:00:28.540;00:01:47.001;00:00:00.008;00:00:15.178
;q96;Timer-5;07:00:14.855;07:00:14.855;07:00:15.607;00:01:48.502;00:00:00.000;00:00:00.752
;q96;Timer-6;07:00:28.355;07:00:28.355;07:00:29.077;00:02:02.002;00:00:00.000;00:00:00.722
;q96;Timer-7;07:00:32.354;07:00:32.355;07:00:33.063;00:02:06.001;00:00:00.001;00:00:00.708
;q55;Timer-8;07:00:51.855;07:00:51.856;07:00:52.546;00:02:25.502;00:00:00.001;00:00:00.690
;q52;Timer-9;07:00:54.855;07:00:54.856;07:00:55.561;00:02:28.502;00:00:00.001;00:00:00.705
tenant2;q50;Timer-26;07:09:45.359;07:09:45.368;07:09:45.610;00:11:19.006;00:00:00.009;00:00:00.242
;q98;Timer-27;07:10:09.359;07:10:09.359;07:10:09.554;00:11:43.006;00:00:00.000;00:00:00.195
;q8;Timer-28;07:10:23.359;07:10:23.360;07:10:24.082;00:11:57.006;00:00:00.001;00:00:00.722
;q4;Timer-29;07:11:21.359;07:11:21.360;07:11:30.127;00:12:55.006;00:00:00.001;00:00:08.767
;q6;Timer-30;07:11:25.859;07:11:25.866;07:11:26.257;00:12:59.506;00:00:00.007;00:00:00.391
;q99;Timer-31;07:11:26.860;07:11:26.860;07:11:27.131;00:13:00.507;00:00:00.000;00:00:00.271
;q56;Timer-32;07:11:30.860;07:11:30.860;07:11:31.465;00:13:04.507;00:00:00.000;00:00:00.605
;q48;Timer-33;07:11:31.860;07:11:31.860;07:11:32.283;00:13:05.507;00:00:00.000;00:00:00.423
;q5;Timer-34;07:11:35.860;07:11:35.860;07:11:39.750;00:13:09.507;00:00:00.000;00:00:03.890
;q58;Timer-35;07:11:36.860;07:11:36.861;07:11:37.498;00:13:10.507;00:00:00.001;00:00:00.637
;q85;Timer-36;07:11:38.860;07:11:38.861;07:11:39.341;00:13:12.507;00:00:00.001;00:00:00.480
;q23;Timer-37;07:11:44.368;07:11:44.368;07:11:53.880;00:13:18.015;00:00:00.000;00:00:09.512
;q16;Timer-38;07:11:44.360;07:11:44.368;07:11:44.379;00:13:18.007;00:00:00.008;00:00:00.011
;q96;Timer-39;07:11:45.361;07:11:45.361;07:11:45.483;00:13:19.008;00:00:00.000;00:00:00.122
;q24;Timer-40;07:11:45.861;07:11:45.861;07:11:45.910;00:13:19.508;00:00:00.000;00:00:00.049
;q25;Timer-41;07:11:46.861;07:11:46.862;07:11:47.102;00:13:20.508;00:00:00.001;00:00:00.240
;q79;Timer-42;07:11:48.862;07:11:48.862;07:11:49.500;00:13:22.509;00:00:00.000;00:00:00.638
;q11;Timer-43;07:11:49.865;07:11:49.865;07:11:54.869;00:13:23.512;00:00:00.000;00:00:05.004
;q93;Timer-44;07:12:55.365;07:12:55.366;07:12:55.375;00:14:29.012;00:00:00.001;00:00:00.009
;q55;Timer-45;07:13:51.365;07:13:51.366;07:13:51.483;00:15:25.012;00:00:00.001;00:00:00.117
;q15;Timer-46;07:14:43.865;07:14:43.866;07:14:43.985;00:16:17.512;00:00:00.001;00:00:00.119
;q13;Timer-47;07:15:46.366;07:15:46.366;07:15:46.764;00:17:20.013;00:00:00.000;00:00:00.398
;q6;Timer-48;07:15:47.366;07:15:47.366;07:15:47.678;00:17:21.013;00:00:00.000;00:00:00.312
;q46;Timer-49;07:15:50.866;07:15:50.866;07:15:51.440;00:17:24.513;00:00:00.000;00:00:00.574
;q47;Timer-50;07:15:50.866;07:15:50.867;07:15:54.313;00:17:24.513;00:00:00.001;00:00:03.446
;q26;Timer-51;07:15:52.366;07:15:52.367;07:15:52.599;00:17:26.013;00:00:00.001;00:00:00.232
;q79;Timer-52;07:15:54.867;07:15:54.867;07:15:55.402;00:17:28.514;00:00:00.000;00:00:00.535
;q35;Timer-53;07:15:59.367;07:15:59.367;07:16:00.770;00:17:33.014;00:00:00.000;00:00:01.403
;q88;Timer-54;07:16:19.367;07:16:19.367;07:16:22.175;00:17:53.014;00:00:00.000;00:00:02.808
;q17;Timer-55;07:16:43.866;07:16:43.866;07:16:44.142;00:18:17.513;00:00:00.000;00:00:00.276
;q18;Timer-56;07:16:49.367;07:16:49.367;07:16:49.840;00:18:23.014;00:00:00.000;00:00:00.473
;q56;Timer-57;07:16:52.867;07:16:52.867;07:16:53.478;00:18:26.514;00:00:00.000;00:00:00.611
;q10;Timer-58;07:16:54.867;07:16:54.868;07:16:55.669;00:18:28.514;00:00:00.001;00:00:00.801
;q16;Timer-59;07:16:55.868;07:16:55.868;07:16:55.870;00:18:29.515;00:00:00.000;00:00:00.002
;q63;Timer-60;07:16:55.868;07:16:55.868;07:16:56.206;00:18:29.515;00:00:00.000;00:00:00.338
;q53;Timer-61;07:16:57.868;07:16:57.868;07:16:58.238;00:18:31.515;00:00:00.000;00:00:00.370
;q3;Timer-62;07:16:57.867;07:16:57.867;07:16:57.989;00:18:31.514;00:00:00.000;00:00:00.122
;q56;Timer-63;07:16:59.868;07:16:59.868;07:17:00.493;00:18:33.515;00:00:00.000;00:00:00.625
;q60;Timer-64;07:16:59.868;07:16:59.869;07:17:00.517;00:18:33.515;00:00:00.001;00:00:00.648
;q49;Timer-65;07:17:00.868;07:17:00.869;07:17:02.113;00:18:34.515;00:00:00.001;00:00:01.244
;q90;Timer-66;07:17:02.869;07:17:02.869;07:17:03.096;00:18:36.516;00:00:00.000;00:00:00.227
;q5;Timer-67;07:17:05.369;07:17:05.369;07:17:09.829;00:18:39.016;00:00:00.000;00:00:04.460
;q46;Timer-68;07:17:09.868;07:17:09.868;07:17:10.467;00:18:43.515;00:00:00.000;00:00:00.599
;q40;Timer-69;07:17:14.369;07:17:14.369;07:17:14.485;00:18:48.016;00:00:00.000;00:00:00.116
;q80;Timer-70;07:17:18.869;07:17:18.870;07:17:19.526;00:18:52.516;00:00:00.001;00:00:00.656
;q33;Timer-71;07:17:21.869;07:17:21.870;07:17:22.421;00:18:55.516;00:00:00.001;00:00:00.551
;q66;Timer-72;07:17:23.869;07:17:23.870;07:17:24.275;00:18:57.516;00:00:00.001;00:00:00.405
;q73;Timer-73;07:17:24.370;07:17:24.370;07:17:24.744;00:18:58.017;00:00:00.000;00:00:00.374
;q70;Timer-74;07:17:24.870;07:17:24.870;07:17:26.233;00:18:58.517;00:00:00.000;00:00:01.363
;q53;Timer-75;07:17:26.870;07:17:26.870;07:17:27.222;00:19:00.517;00:00:00.000;00:00:00.352
;q1;Timer-76;07:17:27.369;07:17:27.369;07:17:27.681;00:19:01.016;00:00:00.000;00:00:00.312
;q95;Timer-77;07:17:29.870;07:17:29.870;07:17:36.691;00:19:03.517;00:00:00.000;00:00:06.821
;q36;Timer-78;07:17:30.370;07:17:30.370;07:17:30.994;00:19:04.017;00:00:00.000;00:00:00.624
;q63;Timer-79;07:17:31.370;07:17:31.371;07:17:31.729;00:19:05.017;00:00:00.001;00:00:00.358
;q18;Timer-80;07:17:33.871;07:17:33.871;07:17:34.356;00:19:07.518;00:00:00.000;00:00:00.485
;q91;Timer-81;07:17:38.871;07:17:38.871;07:17:39.009;00:19:12.518;00:00:00.000;00:00:00.138
;q28;Timer-82;07:17:38.871;07:17:38.871;07:17:41.888;00:19:12.518;00:00:00.000;00:00:03.017
;q74;Timer-83;07:17:39.371;07:17:39.375;07:17:41.549;00:19:13.018;00:00:00.004;00:00:02.174
;q27;Timer-84;07:17:39.371;07:17:39.380;07:17:39.780;00:19:13.018;00:00:00.009;00:00:00.400
;q65;Timer-85;07:17:39.375;07:17:39.384;07:17:40.947;00:19:13.022;00:00:00.009;00:00:01.563
;q81;Timer-86;07:17:43.372;07:17:43.372;07:17:43.525;00:19:17.019;00:00:00.000;00:00:00.153
;q53;Timer-87;07:17:45.872;07:17:45.872;07:17:46.229;00:19:19.519;00:00:00.000;00:00:00.357
;q4;Timer-88;07:17:46.372;07:17:46.372;07:17:54.999;00:19:20.019;00:00:00.000;00:00:08.627
;q62;Timer-89;07:17:55.372;07:17:55.372;07:17:55.499;00:19:29.019;00:00:00.000;00:00:00.127
;q18;Timer-90;07:17:56.872;07:17:56.872;07:17:57.342;00:19:30.519;00:00:00.000;00:00:00.470
;q11;Timer-91;07:17:57.371;07:17:57.372;07:18:02.222;00:19:31.018;00:00:00.001;00:00:04.850
;q58;Timer-92;07:17:58.373;07:17:58.373;07:17:58.993;00:19:32.020;00:00:00.000;00:00:00.620
;q39;Timer-93;07:18:02.373;07:18:02.373;07:18:14.379;00:19:36.020;00:00:00.000;00:00:12.006
;q86;Timer-94;07:18:02.871;07:18:02.871;07:18:03.015;00:19:36.518;00:00:00.000;00:00:00.144
;q53;Timer-95;07:18:03.873;07:18:03.873;07:18:04.238;00:19:37.520;00:00:00.000;00:00:00.365
;q90;Timer-96;07:18:04.873;07:18:04.873;07:18:05.116;00:19:38.520;00:00:00.000;00:00:00.243
;q88;Timer-97;07:18:06.873;07:18:06.874;07:18:09.710;00:19:40.520;00:00:00.001;00:00:02.836
;q31;Timer-98;07:18:08.873;07:18:08.874;07:18:11.138;00:19:42.520;00:00:00.001;00:00:02.264
tenant3;q80;Timer-100;07:16:13.374;07:16:13.374;07:16:15.008;00:17:47.021;00:00:00.000;00:00:01.634
;q37;Timer-101;07:17:20.374;07:17:20.374;07:17:25.670;00:18:54.021;00:00:00.000;00:00:05.296
;q28;Timer-102;07:18:20.374;07:18:20.374;07:18:28.112;00:19:54.021;00:00:00.000;00:00:07.738
;q96;Timer-103;07:18:25.374;07:18:25.381;07:18:26.094;00:19:59.021;00:00:00.007;00:00:00.713
;q89;Timer-104;07:18:26.374;07:18:26.374;07:18:27.876;00:20:00.021;00:00:00.000;00:00:01.502
;q21;Timer-105;07:19:28.875;07:19:28.875;07:19:31.672;00:21:02.522;00:00:00.000;00:00:02.797
;q12;Timer-106;07:19:31.875;07:19:31.875;07:19:32.196;00:21:05.522;00:00:00.000;00:00:00.321
;q3;Timer-107;07:19:44.875;07:19:44.875;07:19:45.589;00:21:18.522;00:00:00.000;00:00:00.714
;q86;Timer-108;07:19:46.875;07:19:46.875;07:19:49.788;00:21:20.522;00:00:00.000;00:00:02.913
;q20;Timer-109;07:20:43.375;07:20:43.375;07:20:43.912;00:22:17.022;00:00:00.000;00:00:00.537
;q15;Timer-110;07:21:47.375;07:21:47.376;07:21:48.031;00:23:21.022;00:00:00.001;00:00:00.655
;q96;Timer-111;07:21:47.375;07:21:47.376;07:21:48.093;00:23:21.022;00:00:00.001;00:00:00.717
;q89;Timer-112;07:21:48.875;07:21:48.876;07:21:50.333;00:23:22.522;00:00:00.001;00:00:01.457
;q21;Timer-113;07:21:50.376;07:21:50.376;07:21:53.206;00:23:24.023;00:00:00.000;00:00:02.830
;q22;Timer-114;07:21:52.376;07:21:52.376;07:23:30.813;00:23:26.023;00:00:00.000;00:01:38.437
;q42;Timer-115;07:21:53.375;07:21:53.375;07:21:54.082;00:23:27.022;00:00:00.000;00:00:00.707
;q53;Timer-116;07:22:19.876;07:24:32.090;07:24:33.033;00:23:53.523;00:02:12.214;00:00:00.943
;q97;Timer-117;07:22:30.876;07:25:07.532;07:25:20.466;00:24:04.523;00:02:36.656;00:00:12.934
;q52;Timer-118;07:22:35.876;07:26:59.520;07:27:00.236;00:24:09.523;00:04:23.644;00:00:00.716
;q42;Timer-119;07:22:36.376;07:27:00.237;07:27:00.931;00:24:10.023;00:04:23.861;00:00:00.694
;q86;Timer-120;07:22:45.377;07:28:02.108;07:28:04.861;00:24:19.024;00:05:16.731;00:00:02.753
;q12;Timer-121;07:22:46.879;07:28:04.861;07:28:05.182;00:24:20.526;00:05:17.982;00:00:00.321
;q63;Timer-122;07:22:53.877;07:28:05.182;07:28:06.062;00:24:27.524;00:05:11.305;00:00:00.880
;q98;Timer-123;07:23:17.877;07:29:52.360;07:29:53.257;00:24:51.524;00:06:34.483;00:00:00.897
;q20;Timer-124;07:23:19.878;07:29:53.258;07:29:53.776;00:24:53.525;00:06:33.380;00:00:00.518
;q98;Timer-125;07:23:24.879;07:29:55.228;07:29:56.114;00:24:58.526;00:06:30.349;00:00:00.886
;q43;Timer-126;07:23:32.879;07:29:56.122;07:29:57.782;00:25:06.526;00:06:23.243;00:00:01.660
;q15;Timer-127;07:23:42.379;07:31:15.645;07:31:16.291;00:25:16.026;00:07:33.266;00:00:00.646
;q15;Timer-128;07:23:51.880;07:31:17.432;07:31:18.065;00:25:25.527;00:07:25.552;00:00:00.633
;q15;Timer-129;07:24:00.380;07:31:18.066;07:31:18.694;00:25:34.027;00:07:17.686;00:00:00.628
;q52;Timer-130;07:24:05.880;07:31:18.694;07:31:19.386;00:25:39.527;00:07:12.814;00:00:00.692
;q43;Timer-131;07:24:08.879;07:31:19.387;07:31:21.027;00:25:42.526;00:07:10.508;00:00:01.640
;q82;Timer-132;07:24:09.380;07:31:21.027;07:31:26.167;00:25:43.027;00:07:11.647;00:00:05.140
;q93;Timer-133;07:24:18.880;07:31:26.167;07:31:26.174;00:25:52.527;00:07:07.287;00:00:00.007
;q89;Timer-134;07:24:21.380;07:31:26.175;07:31:27.620;00:25:55.027;00:07:04.795;00:00:01.445
;q63;Timer-135;07:24:34.881;07:31:28.367;07:31:29.259;00:26:08.528;00:06:53.486;00:00:00.892
;q21;Timer-136;07:24:36.881;07:31:29.259;07:31:32.052;00:26:10.528;00:06:52.378;00:00:02.793
;q93;Timer-99;07:15:44.374;07:15:44.382;07:15:44.394;00:17:18.021;00:00:00.008;00:00:00.012
tenant4;q59;Timer-137;07:19:16.880;07:19:16.888;07:19:18.557;00:20:50.527;00:00:00.008;00:00:01.669
;q4;Timer-138;07:20:36.881;07:20:36.881;07:20:45.370;00:22:10.528;00:00:00.000;00:00:08.489
;q11;Timer-139;07:21:00.381;07:21:00.382;07:21:05.252;00:22:34.028;00:00:00.001;00:00:04.870
;q4;Timer-140;07:21:27.881;07:21:27.882;07:21:36.440;00:23:01.528;00:00:00.001;00:00:08.558
;q54;Timer-141;07:21:41.381;07:21:41.382;07:21:42.899;00:23:15.028;00:00:00.001;00:00:01.517
;q18;Timer-142;07:21:43.882;07:21:43.882;07:21:44.356;00:23:17.529;00:00:00.000;00:00:00.474
;q14;Timer-143;07:23:04.382;07:28:36.178;07:28:45.969;00:24:38.029;00:05:31.796;00:00:09.791
;q49;Timer-144;07:23:11.382;07:28:45.969;07:28:47.216;00:24:45.029;00:05:34.587;00:00:01.247
;q8;Timer-145;07:23:42.881;07:31:16.292;07:31:16.974;00:25:16.528;00:07:33.411;00:00:00.682
;q29;Timer-146;07:23:45.881;07:31:16.975;07:31:17.431;00:25:19.528;00:07:31.094;00:00:00.456
;q33;Timer-147;07:24:50.382;07:31:32.052;07:31:32.616;00:26:24.029;00:06:41.670;00:00:00.564
;q14;Timer-148;07:25:20.382;07:31:35.552;07:31:45.301;00:26:54.029;00:06:15.170;00:00:09.749
;q11;Timer-149;07:26:15.881;07:37:07.349;07:37:12.079;00:27:49.528;00:10:51.468;00:00:04.730
;q33;Timer-150;07:27:06.383;07:45:06.902;07:45:07.464;00:28:40.030;00:18:00.519;00:00:00.562
;q54;Timer-151;07:27:07.883;07:45:07.464;07:45:08.728;00:28:41.530;00:17:59.581;00:00:01.264
;q48;Timer-152;07:27:58.883;07:49:00.940;07:49:01.363;00:29:32.530;00:21:02.057;00:00:00.423
;q8;Timer-153;07:30:02.882;07:51:38.352;07:51:39.113;00:31:36.529;00:21:35.470;00:00:00.761
;q39;Timer-154;07:30:41.383;07:51:59.500;07:52:12.890;00:32:15.030;00:21:18.117;00:00:13.390
;q31;Timer-155;07:31:01.883;07:52:05.509;07:52:07.758;00:32:35.530;00:21:03.626;00:00:02.249
;q56;Timer-156;07:31:09.383;07:52:12.891;07:52:13.535;00:32:43.030;00:21:03.508;00:00:00.644
;q44;Timer-157;07:32:03.383;07:52:31.498;07:52:32.941;00:33:37.030;00:20:28.115;00:00:01.443
;q25;Timer-158;07:32:18.383;07:52:32.941;07:52:33.178;00:33:52.030;00:20:14.558;00:00:00.237
;q56;Timer-159;07:34:16.383;07:52:33.178;07:52:33.813;00:35:50.030;00:18:16.795;00:00:00.635
;q18;Timer-160;07:34:21.888;07:52:33.813;07:52:34.282;00:35:55.535;00:18:11.925;00:00:00.469
;q24;Timer-161;07:34:51.887;07:52:34.282;07:52:34.331;00:36:25.534;00:17:42.395;00:00:00.049
;q48;Timer-162;07:36:32.888;07:52:34.332;07:52:34.755;00:38:06.535;00:16:01.444;00:00:00.423
;q4;Timer-163;07:37:27.888;07:52:34.756;07:52:43.679;00:39:01.535;00:15:06.868;00:00:08.923
;q14;Timer-164;07:37:37.888;07:52:39.492;07:52:48.550;00:39:11.535;00:15:01.604;00:00:09.058
;q8;Timer-165;07:37:44.388;07:52:40.965;07:52:41.665;00:39:18.035;00:14:56.577;00:00:00.700
;q11;Timer-166;07:37:50.888;07:52:41.666;07:52:46.597;00:39:24.535;00:14:50.778;00:00:04.931
;q49;Timer-167;07:37:55.888;07:52:43.679;07:52:44.992;00:39:29.535;00:14:47.791;00:00:01.313
;q9;Timer-168;07:37:58.389;07:52:44.992;07:52:48.815;00:39:32.036;00:14:46.603;00:00:03.823
;q46;Timer-169;07:38:45.888;07:52:46.598;07:52:47.163;00:40:19.535;00:14:00.710;00:00:00.565
;q49;Timer-170;07:39:15.388;07:52:47.163;07:52:48.455;00:40:49.035;00:13:31.775;00:00:01.292
;q29;Timer-171;07:39:25.889;07:52:48.455;07:52:48.976;00:40:59.536;00:13:22.566;00:00:00.521
;q46;Timer-172;07:40:30.889;07:52:48.550;07:52:49.124;00:42:04.536;00:12:17.661;00:00:00.574
;q31;Timer-173;07:40:44.889;07:52:48.815;07:52:51.171;00:42:18.536;00:12:03.926;00:00:02.356
;q56;Timer-174;07:42:26.889;07:52:48.860;07:52:49.560;00:44:00.536;00:10:21.971;00:00:00.700
;q46;Timer-175;07:42:33.889;07:52:48.976;07:52:49.556;00:44:07.536;00:10:15.087;00:00:00.580
;q13;Timer-176;07:43:43.390;07:52:49.124;07:52:49.523;00:45:17.037;00:09:05.734;00:00:00.399
;q49;Timer-177;07:45:10.390;07:52:49.523;07:52:50.850;00:46:44.037;00:07:39.133;00:00:01.327
;q39;Timer-178;07:46:16.890;07:52:49.556;07:53:01.640;00:47:50.537;00:06:32.666;00:00:12.084
;q18;Timer-179;07:46:17.389;07:52:49.560;07:52:50.027;00:47:51.036;00:06:32.171;00:00:00.467
;q24;Timer-180;07:46:18.390;07:52:50.027;07:52:50.071;00:47:52.037;00:06:31.637;00:00:00.044
;q59;Timer-181;07:48:10.890;07:52:50.071;07:52:51.869;00:49:44.537;00:04:39.181;00:00:01.798
;q17;Timer-182;07:49:51.390;07:52:50.850;07:52:51.110;00:51:25.037;00:02:59.460;00:00:00.260
;q49;Timer-183;07:50:19.890;07:52:51.111;07:52:52.429;00:51:53.537;00:02:31.221;00:00:01.318
;q58;Timer-184;07:50:33.390;07:52:51.172;07:52:51.809;00:52:07.037;00:02:17.782;00:00:00.637
tenant5;q15;Timer-185;07:21:12.391;07:21:12.400;07:23:56.243;00:22:46.038;00:00:00.009;00:02:43.843
;q98;Timer-186;07:21:37.391;07:21:37.399;07:24:30.734;00:23:11.038;00:00:00.008;00:02:53.335
;q42;Timer-187;07:21:51.891;07:21:51.899;07:25:06.150;00:23:25.538;00:00:00.008;00:03:14.251
;q96;Timer-188;07:22:08.891;07:22:08.899;07:25:07.531;00:23:42.538;00:00:00.008;00:02:58.632
;q89;Timer-189;07:22:12.890;07:23:30.820;07:26:13.380;00:23:46.537;00:01:17.930;00:02:42.560
;q41;Timer-190;07:22:12.891;07:23:56.243;07:26:59.520;00:23:46.538;00:01:43.352;00:03:03.277
;q89;Timer-191;07:22:21.891;07:24:33.033;07:28:02.108;00:23:55.538;00:02:11.142;00:03:29.075
;q86;Timer-192;07:22:23.392;07:25:06.151;07:26:27.490;00:23:57.039;00:02:42.759;00:01:21.339
;q55;Timer-193;07:22:31.892;07:25:20.466;07:28:36.178;00:24:05.539;00:02:48.574;00:03:15.712
;q97;Timer-194;07:22:31.892;07:26:13.380;07:33:05.950;00:24:05.539;00:03:41.488;00:06:52.570
;q89;Timer-195;07:22:35.392;07:26:27.490;07:29:52.360;00:24:09.039;00:03:52.098;00:03:24.870
;q22;Timer-196;07:22:42.892;07:27:00.931;07:32:46.765;00:24:16.539;00:04:18.039;00:05:45.834
;q15;Timer-197;07:22:54.893;07:28:06.062;07:31:15.644;00:24:28.540;00:05:11.169;00:03:09.582
;q93;Timer-198;07:23:12.893;07:28:47.216;07:31:33.882;00:24:46.540;00:05:34.323;00:02:46.666
;q53;Timer-199;07:23:33.893;07:29:57.782;07:32:20.515;00:25:07.540;00:06:23.889;00:02:22.733
;q52;Timer-200;07:25:00.393;07:31:32.617;07:33:58.623;00:26:34.040;00:06:32.224;00:02:26.006
;q12;Timer-201;07:25:26.393;07:31:45.301;07:33:38.366;00:27:00.040;00:06:18.908;00:01:53.065
;q52;Timer-202;07:25:34.393;07:32:20.515;07:34:35.003;00:27:08.040;00:06:46.122;00:02:14.488
;q53;Timer-203;07:25:38.393;07:32:46.765;07:34:50.008;00:27:12.040;00:07:08.372;00:02:03.243
;q41;Timer-204;07:25:38.893;07:33:05.950;07:36:04.944;00:27:12.540;00:07:27.057;00:02:58.994
;q28;Timer-205;07:25:48.394;07:33:38.366;07:47:53.722;00:27:22.041;00:07:49.972;00:14:15.356
;q20;Timer-206;07:25:50.895;07:33:58.624;07:37:13.813;00:27:24.542;00:08:07.729;00:03:15.189
;q28;Timer-207;07:26:01.395;07:34:35.003;07:51:04.222;00:27:35.042;00:08:33.608;00:16:29.219
;q53;Timer-208;07:26:02.395;07:34:50.009;07:37:05.488;00:27:36.042;00:08:47.614;00:02:15.479
;q22;Timer-209;07:26:07.395;07:36:04.944;07:42:10.929;00:27:41.042;00:09:57.549;00:06:05.985
;q81;Timer-210;07:26:18.395;07:37:12.079;07:37:22.382;00:27:52.042;00:10:53.684;00:00:10.303
;q36;Timer-211;07:26:40.895;07:37:13.814;07:40:09.417;00:28:14.542;00:10:32.919;00:02:55.603
;q37;Timer-212;07:26:41.396;07:37:22.382;07:41:57.229;00:28:15.043;00:10:40.986;00:04:34.847
;q42;Timer-213;07:26:42.396;07:40:09.418;07:43:58.457;00:28:16.043;00:13:27.022;00:03:49.039
;q53;Timer-214;07:26:43.396;07:42:10.930;07:45:06.902;00:28:17.043;00:15:27.534;00:02:55.972
;q97;Timer-215;07:26:43.395;07:41:57.230;07:47:49.861;00:28:17.042;00:15:13.835;00:05:52.631
;q3;Timer-216;07:27:00.896;07:43:58.457;07:46:06.099;00:28:34.543;00:16:57.561;00:02:07.642
;q22;Timer-217;07:27:18.896;07:45:08.728;07:50:45.862;00:28:52.543;00:17:49.832;00:05:37.134
;q81;Timer-218;07:27:26.396;07:46:06.100;07:46:16.108;00:29:00.043;00:18:39.704;00:00:10.008
;q28;Timer-219;07:27:26.396;07:46:16.108;07:55:44.136;00:29:00.043;00:18:49.712;00:09:28.028
;q20;Timer-220;07:27:33.896;07:47:54.934;07:51:31.270;00:29:07.543;00:20:21.038;00:03:36.336
tenant6;q78;Timer-221;07:21:54.897;07:55:44.136;07:57:17.585;00:23:28.544;00:33:49.239;00:01:33.449
;q34;Timer-222;07:22:18.397;07:24:30.740;07:24:32.088;00:23:52.044;00:02:12.343;00:00:01.348
;q89;Timer-223;07:23:21.897;07:29:53.777;07:29:55.228;00:24:55.544;00:06:31.880;00:00:01.451
;q93;Timer-224;07:23:29.897;07:29:56.114;07:29:56.122;00:25:03.544;00:06:26.217;00:00:00.008
;q44;Timer-225;07:24:22.897;07:31:27.620;07:31:28.366;00:25:56.544;00:07:04.723;00:00:00.746
;q58;Timer-226;07:25:08.897;07:31:33.882;07:31:35.550;00:26:42.544;00:06:24.985;00:00:01.668
;q69;Timer-227;07:25:16.398;07:31:35.550;07:31:35.551;00:26:50.045;00:06:19.152;00:00:00.001
;q40;Timer-228;07:26:07.397;07:37:05.488;07:37:05.984;00:27:41.044;00:10:58.091;00:00:00.496
;q27;Timer-229;07:26:13.898;07:37:05.984;07:37:07.349;00:27:47.545;00:10:52.086;00:00:01.365
;q67;Timer-230;07:27:26.397;07:47:49.861;07:48:42.173;00:29:00.044;00:20:23.464;00:00:52.312
;q45;Timer-231;07:27:27.398;07:47:53.731;07:47:54.206;00:29:01.045;00:20:26.333;00:00:00.475
;q44;Timer-232;07:27:30.398;07:47:54.206;07:47:54.933;00:29:04.045;00:20:23.808;00:00:00.727
;q19;Timer-233;07:27:34.898;07:48:42.173;07:48:43.051;00:29:08.545;00:21:07.275;00:00:00.878
;q33;Timer-234;07:27:40.398;07:48:43.051;07:48:44.649;00:29:14.045;00:21:02.653;00:00:01.598
;q27;Timer-235;07:27:46.897;07:48:44.649;07:48:46.012;00:29:20.544;00:20:57.752;00:00:01.363
;q65;Timer-236;07:27:52.398;07:48:46.012;07:48:54.984;00:29:26.045;00:20:53.614;00:00:08.972
;q31;Timer-237;07:27:56.399;07:48:54.984;07:49:00.940;00:29:30.046;00:20:58.585;00:00:05.956
;q18;Timer-238;07:27:58.899;07:49:01.363;07:49:02.888;00:29:32.546;00:21:02.464;00:00:01.525
;q89;Timer-239;07:27:59.899;07:49:02.888;07:49:04.336;00:29:33.546;00:21:02.989;00:00:01.448
;q8;Timer-240;07:28:08.399;07:49:04.336;07:49:06.910;00:29:42.046;00:20:55.937;00:00:02.574
;q87;Timer-241;07:28:11.398;07:49:06.911;07:49:29.290;00:29:45.045;00:20:55.513;00:00:22.379
;q15;Timer-242;07:28:11.399;07:49:29.290;07:49:29.933;00:29:45.046;00:21:17.891;00:00:00.643
;q45;Timer-243;07:28:14.399;07:49:29.933;07:49:30.396;00:29:48.046;00:21:15.534;00:00:00.463
;q58;Timer-244;07:28:23.899;07:49:30.397;07:49:32.080;00:29:57.546;00:21:06.498;00:00:01.683
;q89;Timer-245;07:28:24.899;07:49:32.080;07:49:33.544;00:29:58.546;00:21:07.181;00:00:01.464
;q17;Timer-246;07:28:27.399;07:49:33.544;07:49:34.803;00:30:01.046;00:21:06.145;00:00:01.259
;q96;Timer-247;07:28:36.898;07:49:34.804;07:49:35.532;00:30:10.545;00:20:57.906;00:00:00.728
;q23;Timer-248;07:28:49.900;07:49:35.532;07:51:18.708;00:30:23.547;00:20:45.632;00:01:43.176
;q61;Timer-249;07:28:57.400;07:50:45.862;07:50:47.699;00:30:31.047;00:21:48.462;00:00:01.837
;q20;Timer-250;07:29:04.400;07:50:47.699;07:50:48.218;00:30:38.047;00:21:43.299;00:00:00.519
;q70;Timer-251;07:29:09.900;07:50:48.219;07:50:54.051;00:30:43.547;00:21:38.319;00:00:05.832
;q54;Timer-252;07:29:13.401;07:50:54.052;07:51:03.855;00:30:47.048;00:21:40.651;00:00:09.803
;q15;Timer-253;07:29:14.901;07:51:03.855;07:51:04.508;00:30:48.548;00:21:48.954;00:00:00.653
;q72;Timer-254;07:29:15.401;07:51:04.230;07:51:57.431;00:30:49.048;00:21:48.829;00:00:53.201
;q61;Timer-255;07:29:19.901;07:51:04.508;07:51:06.445;00:30:53.548;00:21:44.607;00:00:01.937
;q48;Timer-256;07:29:21.901;07:51:06.445;07:51:09.565;00:30:55.548;00:21:44.544;00:00:03.120
;q82;Timer-257;07:29:27.401;07:51:09.565;07:51:15.458;00:31:01.048;00:21:42.164;00:00:05.893
;q14;Timer-258;07:29:27.901;07:51:15.458;07:51:58.738;00:31:01.548;00:21:47.557;00:00:43.280
;q81;Timer-259;07:29:30.402;07:51:18.708;07:51:19.562;00:31:04.049;00:21:48.306;00:00:00.854
;q89;Timer-260;07:29:36.402;07:51:19.562;07:51:21.270;00:31:10.049;00:21:43.160;00:00:01.708
;q89;Timer-261;07:29:51.402;07:51:21.270;07:51:22.957;00:31:25.049;00:21:29.868;00:00:01.687
;q75;Timer-262;07:29:51.905;07:51:22.957;07:51:31.633;00:31:25.552;00:21:31.052;00:00:08.676
;q12;Timer-263;07:29:52.401;07:51:31.276;07:51:31.663;00:31:26.048;00:21:38.875;00:00:00.387
;q97;Timer-264;07:29:53.402;07:51:31.634;07:51:43.031;00:31:27.049;00:21:38.232;00:00:11.397
;q88;Timer-265;07:29:53.902;07:51:31.664;07:51:38.352;00:31:27.549;00:21:37.762;00:00:06.688
;q61;Timer-266;07:30:08.402;07:51:39.113;07:51:41.190;00:31:42.049;00:21:30.711;00:00:02.077
;q19;Timer-267;07:30:14.402;07:51:41.191;07:51:42.190;00:31:48.049;00:21:26.789;00:00:00.999
;q61;Timer-268;07:30:16.901;07:51:42.191;07:51:44.278;00:31:50.548;00:21:25.290;00:00:02.087
;q5;Timer-269;07:30:17.402;07:51:43.031;07:52:05.343;00:31:51.049;00:21:25.629;00:00:22.312
;q36;Timer-270;07:30:22.403;07:51:44.278;07:51:57.540;00:31:56.050;00:21:21.875;00:00:13.262
;q44;Timer-271;07:30:23.402;07:51:57.431;07:51:58.197;00:31:57.049;00:21:34.029;00:00:00.766
;q53;Timer-272;07:30:27.903;07:51:57.540;07:51:58.519;00:32:01.550;00:21:29.637;00:00:00.979
;q96;Timer-273;07:30:27.903;07:51:58.197;07:51:58.937;00:32:01.550;00:21:30.294;00:00:00.740
;q99;Timer-274;07:30:29.903;07:51:58.519;07:52:00.641;00:32:03.550;00:21:28.616;00:00:02.122
;q62;Timer-275;07:30:32.902;07:51:58.739;07:51:59.678;00:32:06.549;00:21:25.837;00:00:00.939
;q90;Timer-276;07:30:38.403;07:51:58.938;07:51:59.500;00:32:12.050;00:21:20.535;00:00:00.562
;q82;Timer-277;07:30:44.903;07:51:59.678;07:52:05.503;00:32:18.550;00:21:14.775;00:00:05.825
;q2;Timer-278;07:30:51.903;07:52:00.641;07:52:25.660;00:32:25.550;00:21:08.738;00:00:25.019
;q41;Timer-279;07:30:57.903;07:52:05.344;07:52:48.853;00:32:31.550;00:21:07.441;00:00:43.509
;q75;Timer-280;07:31:06.902;07:52:07.758;07:52:16.214;00:32:40.549;00:21:00.856;00:00:08.456
;q6;Timer-281;07:31:09.405;07:52:13.536;07:52:14.516;00:32:43.052;00:21:04.131;00:00:00.980
;q36;Timer-282;07:31:10.405;07:52:14.516;07:52:27.313;00:32:44.052;00:21:04.111;00:00:12.797
;q17;Timer-283;07:31:18.905;07:52:16.214;07:52:17.542;00:32:52.552;00:20:57.309;00:00:01.328
;q97;Timer-284;07:31:21.405;07:52:17.542;07:52:29.856;00:32:55.052;00:20:56.137;00:00:12.314
;q99;Timer-285;07:31:42.905;07:52:25.660;07:52:27.804;00:33:16.552;00:20:42.755;00:00:02.144
;q89;Timer-286;07:31:45.405;07:52:27.313;07:52:28.806;00:33:19.052;00:20:41.908;00:00:01.493
;q97;Timer-287;07:31:53.405;07:52:27.805;07:52:39.491;00:33:27.052;00:20:34.400;00:00:11.686
;q36;Timer-288;07:31:54.905;07:52:28.807;07:52:40.960;00:33:28.552;00:20:33.902;00:00:12.153
;q29;Timer-289;07:31:56.904;07:52:29.856;07:52:31.497;00:33:30.551;00:20:32.952;00:00:01.641
